Time [s],PALE,PDATA,PCLK,DCLK,DDATA,Channel 5,Channel 6,Channel 7
-2.875533250,1,0,0,0,0,1,1,1
-1.066130875,1,0,0,1,0,1,1,1
-1.066127250,1,0,0,0,0,1,1,1
-1.066123000,1,0,0,1,0,1,1,1
-1.066118625,1,0,0,1,1,1,1,1
-1.066116500,1,0,0,0,1,1,1,1
-1.066109875,1,0,0,1,1,1,1,1
-1.066103375,1,0,0,0,1,1,1,1
-1.066096875,1,0,0,1,1,1,1,1
-1.066090375,1,0,0,0,1,1,1,1
-1.066086000,1,0,0,1,1,1,1,1
-1.066081750,1,0,0,1,0,1,1,1
-1.066079500,1,0,0,0,0,1,1,1
-1.066075250,1,0,0,1,0,1,1,1
-1.066070875,1,0,0,1,1,1,1,1
-1.066068750,1,0,0,0,1,1,1,1
-1.066064375,1,0,0,1,1,1,1,1
-1.066060000,1,0,0,1,0,1,1,1
-1.066057875,1,0,0,0,0,1,1,1
-1.066051375,1,0,0,1,0,1,1,1
-1.066044875,1,0,0,0,0,1,1,1
-1.066038250,1,0,0,1,0,1,1,1
-1.066034000,1,0,0,1,1,1,1,1
-1.066031750,1,0,0,0,1,1,1,1
-1.066025250,1,0,0,1,1,1,1,1
-1.066018750,1,0,0,0,1,1,1,1
-1.066010125,1,0,0,1,1,1,1,1
-1.066003625,1,0,0,0,1,1,1,1
-1.065999250,1,0,0,1,1,1,1,1
-1.065994875,1,0,0,1,0,1,1,1
-1.065992750,1,0,0,0,0,1,1,1
-1.065986250,1,0,0,1,0,1,1,1
-1.065979750,1,0,0,0,0,1,1,1
-1.065973125,1,0,0,1,0,1,1,1
-1.065966625,1,0,0,0,0,1,1,1
-1.065960125,1,0,0,1,0,1,1,1
-1.065953625,1,0,0,0,0,1,1,1
-1.065947125,1,0,0,1,0,1,1,1
-1.065942750,1,0,0,1,1,1,1,1
-1.065940625,1,0,0,0,1,1,1,1
-1.065934125,1,0,0,1,1,1,1,1
-1.065929750,1,0,0,1,0,1,1,1
-1.065927625,1,0,0,0,0,1,1,1
-1.065921125,1,0,0,1,0,1,1,1
-1.065914625,1,0,0,0,0,1,1,1
-1.065908000,1,0,0,1,0,1,1,1
-1.065901500,1,0,0,0,0,1,1,1
-1.065895000,1,0,0,1,0,1,1,1
-1.065888500,1,0,0,0,0,1,1,1
-1.065882000,1,0,0,1,0,1,1,1
-1.065875500,1,0,0,0,0,1,1,1
-1.065869000,1,0,0,1,0,1,1,1
-1.065862500,1,0,0,0,0,1,1,1
-1.065856000,1,0,0,1,0,1,1,1
-1.065849500,1,0,0,0,0,1,1,1
-1.065845125,1,0,0,1,0,1,1,1
-1.065840750,1,0,0,1,1,1,1,1
-1.065838625,1,0,0,0,1,1,1,1
-1.065832125,1,0,0,1,1,1,1,1
-1.065827750,1,0,0,1,0,1,1,1
-1.065825625,1,0,0,0,0,1,1,1
-1.065816875,1,0,0,1,0,1,1,1
-1.065812500,1,0,0,1,1,1,1,1
-1.065810375,1,0,0,0,1,1,1,1
-1.065803875,1,0,0,1,1,1,1,1
-1.065797375,1,0,0,0,1,1,1,1
-1.065790875,1,0,0,1,1,1,1,1
-1.065784375,1,0,0,0,1,1,1,1
-1.065777750,1,0,0,1,1,1,1,1
-1.065771250,1,0,0,0,1,1,1,1
-1.065767000,1,0,0,1,1,1,1,1
-1.065762625,1,0,0,1,0,1,1,1
-1.065760500,1,0,0,0,0,1,1,1
-1.065753875,1,0,0,1,0,1,1,1
-1.065749625,1,0,0,1,1,1,1,1
-1.065747375,1,0,0,0,1,1,1,1
-1.065738750,1,0,0,1,1,1,1,1
-1.065734375,1,0,0,1,0,1,1,1
-1.065732250,1,0,0,0,0,1,1,1
-1.065725750,1,0,0,1,0,1,1,1
-1.065721375,1,0,0,1,1,1,1,1
-1.065719250,1,0,0,0,1,1,1,1
-1.065712750,1,0,0,1,1,1,1,1
-1.065706125,1,0,0,0,1,1,1,1
-1.065701875,1,0,0,1,1,1,1,1
-1.065697500,1,0,0,1,0,1,1,1
-1.065695375,1,0,0,0,0,1,1,1
-1.065688750,1,0,0,1,0,1,1,1
-1.065682250,1,0,0,0,0,1,1,1
-1.065675750,1,0,0,1,0,1,1,1
-1.065669250,1,0,0,0,0,1,1,1
-1.065664875,1,0,0,1,0,1,1,1
-1.065660625,1,0,0,1,1,1,1,1
-1.065658375,1,0,0,0,1,1,1,1
-1.065651875,1,0,0,1,1,1,1,1
-1.065645375,1,0,0,0,1,1,1,1
-1.065638875,1,0,0,1,1,1,1,1
-1.065632375,1,0,0,0,1,1,1,1
-1.065625875,1,0,0,1,1,1,1,1
-1.065619375,1,0,0,0,1,1,1,1
-1.065612875,1,0,0,1,1,1,1,1
-1.065606375,1,0,0,0,1,1,1,1
-1.065599750,1,0,0,1,1,1,1,1
-1.065593250,1,0,0,0,1,1,1,1
-1.065586750,1,0,0,1,1,1,1,1
-1.065582500,1,0,0,1,0,1,1,1
-1.065580250,1,0,0,0,0,1,1,1
-1.065571625,1,0,0,1,0,1,1,1
-1.065567250,1,0,0,1,1,1,1,1
-1.065565125,1,0,0,0,1,1,1,1
-1.065556375,1,0,0,1,1,1,1,1
-1.065552000,1,0,0,1,0,1,1,1
-1.065549875,1,0,0,0,0,1,1,1
-1.065543375,1,0,0,1,0,1,1,1
-1.065536875,1,0,0,0,0,1,1,1
-1.065530375,1,0,0,1,0,1,1,1
-1.065523875,1,0,0,0,0,1,1,1
-1.065517375,1,0,0,1,0,1,1,1
-1.065510750,1,0,0,0,0,1,1,1
-1.065504250,1,0,0,1,0,1,1,1
-1.065497750,1,0,0,0,0,1,1,1
-1.065491250,1,0,0,1,0,1,1,1
-1.065484750,1,0,0,0,0,1,1,1
-1.065478250,1,0,0,1,0,1,1,1
-1.065471750,1,0,0,0,0,1,1,1
-1.065465250,1,0,0,1,0,1,1,1
-1.065458750,1,0,0,0,0,1,1,1
-1.065452250,1,0,0,1,0,1,1,1
-1.065447875,1,0,0,1,1,1,1,1
-1.065445750,1,0,0,0,1,1,1,1
-1.065439125,1,0,0,1,1,1,1,1
-1.065432625,1,0,0,0,1,1,1,1
-1.065428375,1,0,0,1,1,1,1,1
-1.065424000,1,0,0,1,0,1,1,1
-1.065421750,1,0,0,0,0,1,1,1
-1.065417500,1,0,0,1,0,1,1,1
-1.065413125,1,0,0,1,1,1,1,1
-1.065411000,1,0,0,0,1,1,1,1
-1.065404500,1,0,0,1,1,1,1,1
-1.065397875,1,0,0,0,1,1,1,1
-1.065393625,1,0,0,1,1,1,1,1
-1.065387125,1,0,0,0,1,1,1,1
-1.065378375,1,0,0,1,1,1,1,1
-1.065371875,1,0,0,0,1,1,1,1
-1.065365375,1,0,0,1,1,1,1,1
-1.065358875,1,0,0,0,1,1,1,1
-1.065352375,1,0,0,1,1,1,1,1
-1.065345875,1,0,0,0,1,1,1,1
-1.065339375,1,0,0,1,1,1,1,1
-1.065332750,1,0,0,0,1,1,1,1
-1.065328500,1,0,0,1,1,1,1,1
-1.065324125,1,0,0,1,0,1,1,1
-1.065322000,1,0,0,0,0,1,1,1
-1.065315500,1,0,0,1,0,1,1,1
-1.065308875,1,0,0,0,0,1,1,1
-1.065302375,1,0,0,1,0,1,1,1
-1.065295875,1,0,0,0,0,1,1,1
-1.065291625,1,0,0,1,0,1,1,1
-1.065287250,1,0,0,1,1,1,1,1
-1.065285000,1,0,0,0,1,1,1,1
-1.065278500,1,0,0,1,1,1,1,1
-1.065272000,1,0,0,0,1,1,1,1
-1.065265500,1,0,0,1,1,1,1,1
-1.065261125,1,0,0,1,0,1,1,1
-1.065259000,1,0,0,0,0,1,1,1
-1.065252500,1,0,0,1,0,1,1,1
-1.065248125,1,0,0,1,1,1,1,1
-1.065246000,1,0,0,0,1,1,1,1
-1.065237250,1,0,0,1,1,1,1,1
-1.065230750,1,0,0,0,1,1,1,1
-1.065224250,1,0,0,1,1,1,1,1
-1.065217750,1,0,0,0,1,1,1,1
-1.065213375,1,0,0,1,1,1,1,1
-1.065209125,1,0,0,1,0,1,1,1
-1.065206875,1,0,0,0,0,1,1,1
-1.065200375,1,0,0,1,0,1,1,1
-1.065193875,1,0,0,0,0,1,1,1
-1.065187375,1,0,0,1,0,1,1,1
-1.065180875,1,0,0,0,0,1,1,1
-1.065174375,1,0,0,1,0,1,1,1
-1.065169125,1,0,0,0,0,1,1,1
-1.064667125,1,0,0,1,0,1,1,1
-1.064664250,1,0,0,0,0,1,1,1
-1.064659875,1,0,0,1,0,1,1,1
-1.064655500,1,0,0,1,1,1,1,1
-1.064653375,1,0,0,0,1,1,1,1
-1.064646875,1,0,0,1,1,1,1,1
-1.064642500,1,0,0,1,0,1,1,1
-1.064640375,1,0,0,0,0,1,1,1
-1.064631625,1,0,0,1,0,1,1,1
-1.064627375,1,0,0,1,1,1,1,1
-1.064625125,1,0,0,0,1,1,1,1
-1.064616500,1,0,0,1,1,1,1,1
-1.064610000,1,0,0,0,1,1,1,1
-1.064603500,1,0,0,1,1,1,1,1
-1.064596875,1,0,0,0,1,1,1,1
-1.064592625,1,0,0,1,1,1,1,1
-1.064588250,1,0,0,1,0,1,1,1
-1.064586125,1,0,0,0,0,1,1,1
-1.064579500,1,0,0,1,0,1,1,1
-1.064573000,1,0,0,0,0,1,1,1
-1.064566500,1,0,0,1,0,1,1,1
-1.064560000,1,0,0,0,0,1,1,1
-1.064553500,1,0,0,1,0,1,1,1
-1.064549125,1,0,0,1,1,1,1,1
-1.064547000,1,0,0,0,1,1,1,1
-1.064542625,1,0,0,1,1,1,1,1
-1.064536125,1,0,0,0,1,1,1,1
-1.064529625,1,0,0,1,1,1,1,1
-1.064525250,1,0,0,1,0,1,1,1
-1.064523125,1,0,0,0,0,1,1,1
-1.064516625,1,0,0,1,0,1,1,1
-1.064510125,1,0,0,0,0,1,1,1
-1.064503625,1,0,0,1,0,1,1,1
-1.064499250,1,0,0,1,1,1,1,1
-1.064497125,1,0,0,0,1,1,1,1
-1.064492750,1,0,0,1,1,1,1,1
-1.064488375,1,0,0,1,0,1,1,1
-1.064486250,1,0,0,0,0,1,1,1
-1.064479750,1,0,0,1,0,1,1,1
-1.064473250,1,0,0,0,0,1,1,1
-1.064466625,1,0,0,1,0,1,1,1
-1.064460125,1,0,0,0,0,1,1,1
-1.064453625,1,0,0,1,0,1,1,1
-1.064447125,1,0,0,0,0,1,1,1
-1.064442750,1,0,0,1,0,1,1,1
-1.064438500,1,0,0,1,1,1,1,1
-1.064436250,1,0,0,0,1,1,1,1
-1.064429750,1,0,0,1,1,1,1,1
-1.064425500,1,0,0,1,0,1,1,1
-1.064423250,1,0,0,0,0,1,1,1
-1.064416750,1,0,0,1,0,1,1,1
-1.064410250,1,0,0,0,0,1,1,1
-1.064403750,1,0,0,1,0,1,1,1
-1.064399375,1,0,0,1,1,1,1,1
-1.064397250,1,0,0,0,1,1,1,1
-1.064388500,1,0,0,1,1,1,1,1
-1.064384250,1,0,0,1,0,1,1,1
-1.064382000,1,0,0,0,0,1,1,1
-1.064373375,1,0,0,1,0,1,1,1
-1.064366875,1,0,0,0,0,1,1,1
-1.064360375,1,0,0,1,0,1,1,1
-1.064353750,1,0,0,0,0,1,1,1
-1.064347250,1,0,0,1,0,1,1,1
-1.064340750,1,0,0,0,0,1,1,1
-1.064334250,1,0,0,1,0,1,1,1
-1.064327750,1,0,0,0,0,1,1,1
-1.064321250,1,0,0,1,0,1,1,1
-1.064314750,1,0,0,0,0,1,1,1
-1.064308250,1,0,0,1,0,1,1,1
-1.064301750,1,0,0,0,0,1,1,1
-1.064295250,1,0,0,1,0,1,1,1
-1.064290875,1,0,0,1,1,1,1,1
-1.064288625,1,0,0,0,1,1,1,1
-1.064280000,1,0,0,1,1,1,1,1
-1.064275625,1,0,0,1,0,1,1,1
-1.064273500,1,0,0,0,0,1,1,1
-1.064264750,1,0,0,1,0,1,1,1
-1.064258250,1,0,0,0,0,1,1,1
-1.064251750,1,0,0,1,0,1,1,1
-1.064247500,1,0,0,1,1,1,1,1
-1.064245250,1,0,0,0,1,1,1,1
-1.064236625,1,0,0,1,1,1,1,1
-1.064232250,1,0,0,1,0,1,1,1
-1.064230125,1,0,0,0,0,1,1,1
-1.064223500,1,0,0,1,0,1,1,1
-1.064217000,1,0,0,0,0,1,1,1
-1.064210500,1,0,0,1,0,1,1,1
-1.064204000,1,0,0,0,0,1,1,1
-1.064197500,1,0,0,1,0,1,1,1
-1.064191000,1,0,0,0,0,1,1,1
-1.064182375,1,0,0,1,0,1,1,1
-1.064175750,1,0,0,0,0,1,1,1
-1.064171500,1,0,0,1,0,1,1,1
-1.064167125,1,0,0,1,1,1,1,1
-1.064165000,1,0,0,0,1,1,1,1
-1.064158500,1,0,0,1,1,1,1,1
-1.064151875,1,0,0,0,1,1,1,1
-1.064145375,1,0,0,1,1,1,1,1
-1.064141125,1,0,0,1,0,1,1,1
-1.064138875,1,0,0,0,0,1,1,1
-1.064130250,1,0,0,1,0,1,1,1
-1.064125875,1,0,0,1,1,1,1,1
-1.064123750,1,0,0,0,1,1,1,1
-1.064115000,1,0,0,1,1,1,1,1
-1.064108500,1,0,0,0,1,1,1,1
-1.064102000,1,0,0,1,1,1,1,1
-1.064095500,1,0,0,0,1,1,1,1
-1.064089000,1,0,0,1,1,1,1,1
-1.064084625,1,0,0,1,0,1,1,1
-1.064082500,1,0,0,0,0,1,1,1
-1.064073750,1,0,0,1,0,1,1,1
-1.064067250,1,0,0,0,0,1,1,1
-1.064060750,1,0,0,1,0,1,1,1
-1.064054250,1,0,0,0,0,1,1,1
-1.064047750,1,0,0,1,0,1,1,1
-1.064043375,1,0,0,1,1,1,1,1
-1.064041250,1,0,0,0,1,1,1,1
-1.064034750,1,0,0,1,1,1,1,1
-1.064028250,1,0,0,0,1,1,1,1
-1.064023875,1,0,0,1,1,1,1,1
-1.064019500,1,0,0,1,0,1,1,1
-1.064017375,1,0,0,0,0,1,1,1
-1.064010875,1,0,0,1,0,1,1,1
-1.064004375,1,0,0,0,0,1,1,1
-1.063997750,1,0,0,1,0,1,1,1
-1.063993500,1,0,0,1,1,1,1,1
-1.063991250,1,0,0,0,1,1,1,1
-1.063984750,1,0,0,1,1,1,1,1
-1.063978250,1,0,0,0,1,1,1,1
-1.063971750,1,0,0,1,1,1,1,1
-1.063965250,1,0,0,0,1,1,1,1
-1.063958750,1,0,0,1,1,1,1,1
-1.063954375,1,0,0,1,0,1,1,1
-1.063952250,1,0,0,0,0,1,1,1
-1.063945750,1,0,0,1,0,1,1,1
-1.063941375,1,0,0,1,1,1,1,1
-1.063939250,1,0,0,0,1,1,1,1
-1.063932625,1,0,0,1,1,1,1,1
-1.063926125,1,0,0,0,1,1,1,1
-1.063921875,1,0,0,1,1,1,1,1
-1.063917500,1,0,0,1,0,1,1,1
-1.063915375,1,0,0,0,0,1,1,1
-1.063908750,1,0,0,1,0,1,1,1
-1.063904500,1,0,0,1,1,1,1,1
-1.063902250,1,0,0,0,1,1,1,1
-1.063898000,1,0,0,1,1,1,1,1
-1.063891500,1,0,0,0,1,1,1,1
-1.063887125,1,0,0,1,1,1,1,1
-1.063880625,1,0,0,0,1,1,1,1
-1.063871875,1,0,0,1,1,1,1,1
-1.063865375,1,0,0,0,1,1,1,1
-1.063858875,1,0,0,1,1,1,1,1
-1.063852375,1,0,0,0,1,1,1,1
-1.063843625,1,0,0,1,1,1,1,1
-1.063837125,1,0,0,0,1,1,1,1
-1.063830625,1,0,0,1,1,1,1,1
-1.063824125,1,0,0,0,1,1,1,1
-1.063819750,1,0,0,1,1,1,1,1
-1.063815500,1,0,0,1,0,1,1,1
-1.063813250,1,0,0,0,0,1,1,1
-1.063809000,1,0,0,1,0,1,1,1
-1.063804625,1,0,0,1,1,1,1,1
-1.063802500,1,0,0,0,1,1,1,1
-1.063795875,1,0,0,1,1,1,1,1
-1.063791625,1,0,0,1,0,1,1,1
-1.063789375,1,0,0,0,0,1,1,1
-1.063782875,1,0,0,1,0,1,1,1
-1.063776375,1,0,0,0,0,1,1,1
-1.063772000,1,0,0,1,0,1,1,1
-1.063767750,1,0,0,1,1,1,1,1
-1.063765500,1,0,0,0,1,1,1,1
-1.063759000,1,0,0,1,1,1,1,1
-1.063752500,1,0,0,0,1,1,1,1
-1.063746000,1,0,0,1,1,1,1,1
-1.063739500,1,0,0,0,1,1,1,1
-1.063735125,1,0,0,1,1,1,1,1
-1.063730750,1,0,0,1,0,1,1,1
-1.063728625,1,0,0,0,0,1,1,1
-1.063722125,1,0,0,1,0,1,1,1
-1.063717750,1,0,0,1,1,1,1,1
-1.063715625,1,0,0,0,1,1,1,1
-1.063709125,1,0,0,1,1,1,1,1
-1.063702625,1,0,0,0,1,1,1,1
-1.063698250,1,0,0,1,1,1,1,1
-1.063691750,1,0,0,0,1,1,1,1
-1.063687375,1,0,0,1,1,1,1,1
-1.063681000,1,0,0,1,0,1,1,1
-1.063680875,1,0,0,0,0,1,1,1
-0.000005500,1,1,0,0,0,1,1,1
-0.000004250,1,1,1,0,0,1,1,1
0.000000000,0,1,1,0,0,1,1,1
0.000005875,0,0,1,0,0,1,1,1
0.000008375,0,0,0,0,0,1,1,1
0.000008625,0,0,1,0,0,1,1,1
0.000008750,0,0,0,0,0,1,1,1
0.000009000,0,0,1,0,0,1,1,1
0.000009250,0,0,0,0,0,1,1,1
0.000009500,0,0,1,0,0,1,1,1
0.000009625,0,0,0,0,0,1,1,1
0.000009875,0,0,1,0,0,1,1,1
0.000010125,0,0,0,0,0,1,1,1
0.000010375,0,0,1,0,0,1,1,1
0.000010500,0,0,0,0,0,1,1,1
0.000010750,0,0,1,0,0,1,1,1
0.000011000,0,0,0,0,0,1,1,1
0.000011250,0,1,1,0,0,1,1,1
0.000011375,0,1,0,0,0,1,1,1
0.000011625,0,1,1,0,0,1,1,1
0.000017000,1,1,1,0,0,1,1,1
0.000020375,1,0,1,0,0,1,1,1
0.000020500,1,0,0,0,0,1,1,1
0.000020750,1,0,1,0,0,1,1,1
0.000021000,1,0,0,0,0,1,1,1
0.000021250,1,0,1,0,0,1,1,1
0.000021375,1,1,1,0,0,1,1,1
0.000021500,1,1,0,0,0,1,1,1
0.000021750,1,1,1,0,0,1,1,1
0.000021875,1,1,0,0,0,1,1,1
0.000022125,1,1,1,0,0,1,1,1
0.000022375,1,1,0,0,0,1,1,1
0.000022625,1,1,1,0,0,1,1,1
0.000022875,1,1,0,0,0,1,1,1
0.000023000,1,1,1,0,0,1,1,1
0.000023250,1,1,0,0,0,1,1,1
0.000023500,1,1,1,0,0,1,1,1
0.000023625,1,0,1,0,0,1,1,1
0.000023750,1,0,0,0,0,1,1,1
0.000023875,1,0,1,0,0,1,1,1
0.000029375,1,0,0,0,0,1,1,1
0.001991375,1,1,0,0,0,1,1,1
0.001991500,1,1,1,0,0,1,1,1
0.001994625,0,1,1,0,0,1,1,1
0.001996875,0,0,1,0,0,1,1,1
0.001997000,0,0,0,0,0,1,1,1
0.001997250,0,0,1,0,0,1,1,1
0.001997500,0,0,0,0,0,1,1,1
0.001997750,0,0,1,0,0,1,1,1
0.001997875,0,0,0,0,0,1,1,1
0.001998125,0,0,1,0,0,1,1,1
0.001998375,0,0,0,0,0,1,1,1
0.001998625,0,0,1,0,0,1,1,1
0.001998750,0,0,0,0,0,1,1,1
0.001999125,0,0,1,0,0,1,1,1
0.001999250,0,0,0,0,0,1,1,1
0.001999500,0,0,1,0,0,1,1,1
0.001999750,0,0,0,0,0,1,1,1
0.002000000,0,1,1,0,0,1,1,1
0.002000125,0,1,0,0,0,1,1,1
0.002000375,0,1,1,0,0,1,1,1
0.002005750,1,1,1,0,0,1,1,1
0.002008000,1,0,1,0,0,1,1,1
0.002008125,1,0,0,0,0,1,1,1
0.002008375,1,0,1,0,0,1,1,1
0.002008500,1,0,0,0,0,1,1,1
0.002008750,1,0,1,0,0,1,1,1
0.002008875,1,1,1,0,0,1,1,1
0.002009000,1,1,0,0,0,1,1,1
0.002009250,1,1,1,0,0,1,1,1
0.002009500,1,1,0,0,0,1,1,1
0.002009750,1,1,1,0,0,1,1,1
0.002009875,1,1,0,0,0,1,1,1
0.002010125,1,1,1,0,0,1,1,1
0.002010375,1,1,0,0,0,1,1,1
0.002010625,1,1,1,0,0,1,1,1
0.002010750,1,1,0,0,0,1,1,1
0.002011000,1,1,1,0,0,1,1,1
0.002011250,1,1,0,0,0,1,1,1
0.002011500,1,1,1,0,0,1,1,1
0.002016875,1,0,0,0,0,1,1,1
0.002023500,1,1,1,0,0,1,1,1
0.002026750,0,1,1,0,0,1,1,1
0.002029000,0,0,1,0,0,1,1,1
0.002029125,0,0,0,0,0,1,1,1
0.002029375,0,0,1,0,0,1,1,1
0.002029500,0,0,0,0,0,1,1,1
0.002029750,0,0,1,0,0,1,1,1
0.002030000,0,0,0,0,0,1,1,1
0.002030250,0,0,1,0,0,1,1,1
0.002030375,0,0,0,0,0,1,1,1
0.002030625,0,0,1,0,0,1,1,1
0.002030875,0,0,0,0,0,1,1,1
0.002031125,0,0,1,0,0,1,1,1
0.002031250,0,0,0,0,0,1,1,1
0.002031500,0,0,1,0,0,1,1,1
0.002031625,0,1,1,0,0,1,1,1
0.002031750,0,1,0,0,0,1,1,1
0.002032000,0,1,1,0,0,1,1,1
0.002032250,0,1,0,0,0,1,1,1
0.002032375,0,1,1,0,0,1,1,1
0.002037750,1,1,1,0,0,1,1,1
0.002040000,1,0,1,0,0,1,1,1
0.002040125,1,0,0,0,0,1,1,1
0.002040375,1,0,1,0,0,1,1,1
0.002040500,1,1,1,0,0,1,1,1
0.002040625,1,1,0,0,0,1,1,1
0.002040875,1,1,1,0,0,1,1,1
0.002041000,1,1,0,0,0,1,1,1
0.002041250,1,1,1,0,0,1,1,1
0.002041500,1,1,0,0,0,1,1,1
0.002041750,1,1,1,0,0,1,1,1
0.002042000,1,1,0,0,0,1,1,1
0.002042250,1,1,1,0,0,1,1,1
0.002042375,1,1,0,0,0,1,1,1
0.002042625,1,1,1,0,0,1,1,1
0.002042750,1,0,1,0,0,1,1,1
0.002042875,1,0,0,0,0,1,1,1
0.002043125,1,0,1,0,0,1,1,1
0.002043250,1,0,0,0,0,1,1,1
0.002043500,1,0,1,0,0,1,1,1
0.002048875,1,0,0,0,0,1,1,1
0.002056625,1,1,0,0,0,1,1,1
0.002056750,1,1,1,0,0,1,1,1
0.002059875,0,1,1,0,0,1,1,1
0.002062125,0,0,1,0,0,1,1,1
0.002062250,0,0,0,0,0,1,1,1
0.002062500,0,0,1,0,0,1,1,1
0.002062750,0,0,0,0,0,1,1,1
0.002063000,0,0,1,0,0,1,1,1
0.002063250,0,0,0,0,0,1,1,1
0.002063500,0,0,1,0,0,1,1,1
0.002063625,0,0,0,0,0,1,1,1
0.002063875,0,0,1,0,0,1,1,1
0.002064125,0,0,0,0,0,1,1,1
0.002064375,0,1,1,0,0,1,1,1
0.002064500,0,1,0,0,0,1,1,1
0.002064750,0,1,1,0,0,1,1,1
0.002064875,0,0,1,0,0,1,1,1
0.002065000,0,0,0,0,0,1,1,1
0.002065250,0,1,1,0,0,1,1,1
0.002065375,0,1,0,0,0,1,1,1
0.002065625,0,1,1,0,0,1,1,1
0.002071000,1,1,1,0,0,1,1,1
0.002073250,1,0,1,0,0,1,1,1
0.002073375,1,0,0,0,0,1,1,1
0.002073625,1,0,1,0,0,1,1,1
0.002073875,1,0,0,0,0,1,1,1
0.002074000,1,0,1,0,0,1,1,1
0.002074125,1,1,1,0,0,1,1,1
0.002074250,1,1,0,0,0,1,1,1
0.002074500,1,1,1,0,0,1,1,1
0.002074625,1,0,1,0,0,1,1,1
0.002074750,1,0,0,0,0,1,1,1
0.002075000,1,0,1,0,0,1,1,1
0.002075125,1,0,0,0,0,1,1,1
0.002075375,1,0,1,0,0,1,1,1
0.002075625,1,0,0,0,0,1,1,1
0.002075875,1,0,1,0,0,1,1,1
0.002076000,1,0,0,0,0,1,1,1
0.002076250,1,0,1,0,0,1,1,1
0.002076500,1,0,0,0,0,1,1,1
0.002076750,1,0,1,0,0,1,1,1
0.002082125,1,0,0,0,0,1,1,1
0.002088625,1,1,0,0,0,1,1,1
0.002088750,1,1,1,0,0,1,1,1
0.002091875,0,1,1,0,0,1,1,1
0.002094125,0,0,1,0,0,1,1,1
0.002094250,0,0,0,0,0,1,1,1
0.002094500,0,0,1,0,0,1,1,1
0.002094750,0,0,0,0,0,1,1,1
0.002095000,0,0,1,0,0,1,1,1
0.002095250,0,0,0,0,0,1,1,1
0.002095375,0,0,1,0,0,1,1,1
0.002095625,0,0,0,0,0,1,1,1
0.002095875,0,0,1,0,0,1,1,1
0.002096125,0,0,0,0,0,1,1,1
0.002096375,0,1,1,0,0,1,1,1
0.002096500,0,1,0,0,0,1,1,1
0.002096750,0,1,1,0,0,1,1,1
0.002097000,0,1,0,0,0,1,1,1
0.002097250,0,1,1,0,0,1,1,1
0.002097375,0,1,0,0,0,1,1,1
0.002097625,0,1,1,0,0,1,1,1
0.002103000,1,1,1,0,0,1,1,1
0.002105250,1,0,1,0,0,1,1,1
0.002105375,1,0,0,0,0,1,1,1
0.002105625,1,0,1,0,0,1,1,1
0.002105875,1,0,0,0,0,1,1,1
0.002106000,1,0,1,0,0,1,1,1
0.002106250,1,0,0,0,0,1,1,1
0.002106500,1,0,1,0,0,1,1,1
0.002106750,1,0,0,0,0,1,1,1
0.002107000,1,0,1,0,0,1,1,1
0.002107125,1,0,0,0,0,1,1,1
0.002107375,1,0,1,0,0,1,1,1
0.002107625,1,0,0,0,0,1,1,1
0.002107875,1,0,1,0,0,1,1,1
0.002108000,1,0,0,0,0,1,1,1
0.002108250,1,0,1,0,0,1,1,1
0.002108500,1,0,0,0,0,1,1,1
0.002108625,1,0,1,0,0,1,1,1
0.002114125,1,0,0,0,0,1,1,1
0.002120750,1,1,1,0,0,1,1,1
0.002123875,0,1,1,0,0,1,1,1
0.002126125,0,0,1,0,0,1,1,1
0.002126375,0,0,0,0,0,1,1,1
0.002126500,0,0,1,0,0,1,1,1
0.002126750,0,0,0,0,0,1,1,1
0.002127000,0,0,1,0,0,1,1,1
0.002127250,0,0,0,0,0,1,1,1
0.002127500,0,0,1,0,0,1,1,1
0.002127625,0,0,0,0,0,1,1,1
0.002127875,0,0,1,0,0,1,1,1
0.002128000,0,1,1,0,0,1,1,1
0.002128125,0,1,0,0,0,1,1,1
0.002128375,0,0,1,0,0,1,1,1
0.002128500,0,0,0,0,0,1,1,1
0.002128750,0,0,1,0,0,1,1,1
0.002129000,0,0,0,0,0,1,1,1
0.002129250,0,1,1,0,0,1,1,1
0.002129375,0,1,0,0,0,1,1,1
0.002129625,0,1,1,0,0,1,1,1
0.002135000,1,1,1,0,0,1,1,1
0.002137250,1,0,1,0,0,1,1,1
0.002137375,1,0,0,0,0,1,1,1
0.002137625,1,0,1,0,0,1,1,1
0.002137750,1,1,1,0,0,1,1,1
0.002137875,1,1,0,0,0,1,1,1
0.002138125,1,0,1,0,0,1,1,1
0.002138250,1,0,0,0,0,1,1,1
0.002138500,1,0,1,0,0,1,1,1
0.002138625,1,1,1,0,0,1,1,1
0.002138750,1,1,0,0,0,1,1,1
0.002139000,1,1,1,0,0,1,1,1
0.002139125,1,1,0,0,0,1,1,1
0.002139375,1,1,1,0,0,1,1,1
0.002139625,1,1,0,0,0,1,1,1
0.002139875,1,1,1,0,0,1,1,1
0.002140000,1,0,1,0,0,1,1,1
0.002140125,1,0,0,0,0,1,1,1
0.002140375,1,1,1,0,0,1,1,1
0.002140500,1,1,0,0,0,1,1,1
0.002140750,1,1,1,0,0,1,1,1
0.002146125,1,0,0,0,0,1,1,1
0.002152750,1,1,1,0,0,1,1,1
0.002156000,0,1,1,0,0,1,1,1
0.002158250,0,0,1,0,0,1,1,1
0.002158375,0,0,0,0,0,1,1,1
0.002158625,0,0,1,0,0,1,1,1
0.002158750,0,0,0,0,0,1,1,1
0.002159000,0,0,1,0,0,1,1,1
0.002159250,0,0,0,0,0,1,1,1
0.002159500,0,0,1,0,0,1,1,1
0.002159625,0,0,0,0,0,1,1,1
0.002159875,0,0,1,0,0,1,1,1
0.002160000,0,1,1,0,0,1,1,1
0.002160125,0,1,0,0,0,1,1,1
0.002160375,0,1,1,0,0,1,1,1
0.002160500,0,0,1,0,0,1,1,1
0.002160625,0,0,0,0,0,1,1,1
0.002160875,0,1,1,0,0,1,1,1
0.002161000,0,1,0,0,0,1,1,1
0.002161250,0,1,1,0,0,1,1,1
0.002161500,0,1,0,0,0,1,1,1
0.002161750,0,1,1,0,0,1,1,1
0.002167000,1,1,1,0,0,1,1,1
0.002169250,1,0,1,0,0,1,1,1
0.002169375,1,0,0,0,0,1,1,1
0.002169625,1,0,1,0,0,1,1,1
0.002169875,1,0,0,0,0,1,1,1
0.002170125,1,0,1,0,0,1,1,1
0.002170250,1,0,0,0,0,1,1,1
0.002170625,1,0,1,0,0,1,1,1
0.002170750,1,0,0,0,0,1,1,1
0.002171000,1,0,1,0,0,1,1,1
0.002171125,1,1,1,0,0,1,1,1
0.002171250,1,1,0,0,0,1,1,1
0.002171500,1,0,1,0,0,1,1,1
0.002171625,1,0,0,0,0,1,1,1
0.002171875,1,0,1,0,0,1,1,1
0.002172000,1,1,1,0,0,1,1,1
0.002172125,1,1,0,0,0,1,1,1
0.002172375,1,1,1,0,0,1,1,1
0.002172500,1,1,0,0,0,1,1,1
0.002172750,1,1,1,0,0,1,1,1
0.002178125,1,0,0,0,0,1,1,1
0.002184750,1,1,0,0,0,1,1,1
0.002184875,1,1,1,0,0,1,1,1
0.002188000,0,1,1,0,0,1,1,1
0.002190250,0,0,1,0,0,1,1,1
0.002190375,0,0,0,0,0,1,1,1
0.002190625,0,0,1,0,0,1,1,1
0.002190875,0,0,0,0,0,1,1,1
0.002191125,0,0,1,0,0,1,1,1
0.002191250,0,0,0,0,0,1,1,1
0.002191500,0,0,1,0,0,1,1,1
0.002191750,0,0,0,0,0,1,1,1
0.002192000,0,1,1,0,0,1,1,1
0.002192125,0,1,0,0,0,1,1,1
0.002192375,0,1,1,0,0,1,1,1
0.002192625,0,1,0,0,0,1,1,1
0.002192875,0,0,1,0,0,1,1,1
0.002193125,0,0,0,0,0,1,1,1
0.002193250,0,0,1,0,0,1,1,1
0.002193375,0,1,1,0,0,1,1,1
0.002193500,0,1,0,0,0,1,1,1
0.002193750,0,1,1,0,0,1,1,1
0.002199125,1,1,1,0,0,1,1,1
0.002201375,1,0,1,0,0,1,1,1
0.002201500,1,0,0,0,0,1,1,1
0.002201750,1,1,1,0,0,1,1,1
0.002201875,1,1,0,0,0,1,1,1
0.002202125,1,1,1,0,0,1,1,1
0.002202250,1,0,1,0,0,1,1,1
0.002202375,1,0,0,0,0,1,1,1
0.002202625,1,0,1,0,0,1,1,1
0.002202750,1,0,0,0,0,1,1,1
0.002203000,1,0,1,0,0,1,1,1
0.002203250,1,0,0,0,0,1,1,1
0.002203500,1,0,1,0,0,1,1,1
0.002203625,1,0,0,0,0,1,1,1
0.002203875,1,0,1,0,0,1,1,1
0.002204000,1,1,1,0,0,1,1,1
0.002204125,1,1,0,0,0,1,1,1
0.002204375,1,1,1,0,0,1,1,1
0.002204625,1,1,0,0,0,1,1,1
0.002204750,1,1,1,0,0,1,1,1
0.002210125,1,0,1,0,0,1,1,1
0.002210250,1,0,0,0,0,1,1,1
0.002218000,1,1,1,0,0,1,1,1
0.002221250,0,1,1,0,0,1,1,1
0.002223500,0,0,1,0,0,1,1,1
0.002223625,0,0,0,0,0,1,1,1
0.002223875,0,0,1,0,0,1,1,1
0.002224000,0,0,0,0,0,1,1,1
0.002224250,0,0,1,0,0,1,1,1
0.002224500,0,0,0,0,0,1,1,1
0.002224750,0,0,1,0,0,1,1,1
0.002224875,0,0,0,0,0,1,1,1
0.002225125,0,0,1,0,0,1,1,1
0.002225250,0,1,1,0,0,1,1,1
0.002225375,0,1,0,0,0,1,1,1
0.002225625,0,1,1,0,0,1,1,1
0.002225875,0,1,0,0,0,1,1,1
0.002226125,0,1,1,0,0,1,1,1
0.002226250,0,1,0,0,0,1,1,1
0.002226500,0,1,1,0,0,1,1,1
0.002226750,0,1,0,0,0,1,1,1
0.002227000,0,1,1,0,0,1,1,1
0.002232250,1,1,1,0,0,1,1,1
0.002234625,1,0,1,0,0,1,1,1
0.002234750,1,0,0,0,0,1,1,1
0.002235000,1,0,1,0,0,1,1,1
0.002235125,1,0,0,0,0,1,1,1
0.002235375,1,0,1,0,0,1,1,1
0.002235625,1,0,0,0,0,1,1,1
0.002235875,1,0,1,0,0,1,1,1
0.002236000,1,0,0,0,0,1,1,1
0.002236250,1,0,1,0,0,1,1,1
0.002236500,1,0,0,0,0,1,1,1
0.002236750,1,0,1,0,0,1,1,1
0.002236875,1,0,0,0,0,1,1,1
0.002237125,1,0,1,0,0,1,1,1
0.002237375,1,0,0,0,0,1,1,1
0.002237625,1,1,1,0,0,1,1,1
0.002237750,1,1,0,0,0,1,1,1
0.002238000,1,1,1,0,0,1,1,1
0.002243375,1,0,0,0,0,1,1,1
0.002250000,1,1,0,0,0,1,1,1
0.002250125,1,1,1,0,0,1,1,1
0.002253250,0,1,1,0,0,1,1,1
0.002255500,0,0,1,0,0,1,1,1
0.002255625,0,0,0,0,0,1,1,1
0.002255875,0,0,1,0,0,1,1,1
0.002256125,0,0,0,0,0,1,1,1
0.002256375,0,0,1,0,0,1,1,1
0.002256500,0,0,0,0,0,1,1,1
0.002256750,0,0,1,0,0,1,1,1
0.002256875,0,1,1,0,0,1,1,1
0.002257000,0,1,0,0,0,1,1,1
0.002257250,0,0,1,0,0,1,1,1
0.002257375,0,0,0,0,0,1,1,1
0.002257625,0,0,1,0,0,1,1,1
0.002257875,0,0,0,0,0,1,1,1
0.002258125,0,0,1,0,0,1,1,1
0.002258250,0,0,0,0,0,1,1,1
0.002258500,0,0,1,0,0,1,1,1
0.002258625,0,1,1,0,0,1,1,1
0.002258750,0,1,0,0,0,1,1,1
0.002259000,0,1,1,0,0,1,1,1
0.002264250,1,1,1,0,0,1,1,1
0.002266750,1,1,0,0,0,1,1,1
0.002267000,1,0,1,0,0,1,1,1
0.002267125,1,0,0,0,0,1,1,1
0.002267375,1,0,1,0,0,1,1,1
0.002267500,1,1,1,0,0,1,1,1
0.002267625,1,1,0,0,0,1,1,1
0.002267875,1,0,1,0,0,1,1,1
0.002268000,1,0,0,0,0,1,1,1
0.002268250,1,0,1,0,0,1,1,1
0.002268375,1,1,1,0,0,1,1,1
0.002268500,1,1,0,0,0,1,1,1
0.002268750,1,0,1,0,0,1,1,1
0.002269000,1,0,0,0,0,1,1,1
0.002269250,1,1,1,0,0,1,1,1
0.002269375,1,1,0,0,0,1,1,1
0.002269625,1,1,1,0,0,1,1,1
0.002269875,1,1,0,0,0,1,1,1
0.002270125,1,1,1,0,0,1,1,1
0.002275375,1,0,1,0,0,1,1,1
0.002275500,1,0,0,0,0,1,1,1
0.002282125,1,1,1,0,0,1,1,1
0.002285250,0,1,1,0,0,1,1,1
0.002287625,0,0,1,0,0,1,1,1
0.002287750,0,0,0,0,0,1,1,1
0.002288000,0,0,1,0,0,1,1,1
0.002288125,0,0,0,0,0,1,1,1
0.002288375,0,0,1,0,0,1,1,1
0.002288625,0,0,0,0,0,1,1,1
0.002288875,0,1,1,0,0,1,1,1
0.002289000,0,1,0,0,0,1,1,1
0.002289250,0,1,1,0,0,1,1,1
0.002289375,0,0,1,0,0,1,1,1
0.002289500,0,0,0,0,0,1,1,1
0.002289750,0,0,1,0,0,1,1,1
0.002289875,0,0,0,0,0,1,1,1
0.002290125,0,0,1,0,0,1,1,1
0.002290250,0,1,1,0,0,1,1,1
0.002290375,0,1,0,0,0,1,1,1
0.002290625,0,1,1,0,0,1,1,1
0.002290875,0,1,0,0,0,1,1,1
0.002291000,0,1,1,0,0,1,1,1
0.002296375,1,1,1,0,0,1,1,1
0.002298750,1,1,0,0,0,1,1,1
0.002299000,1,1,1,0,0,1,1,1
0.002299125,1,0,1,0,0,1,1,1
0.002299250,1,0,0,0,0,1,1,1
0.002299500,1,0,1,0,0,1,1,1
0.002299625,1,0,0,0,0,1,1,1
0.002299875,1,0,1,0,0,1,1,1
0.002300125,1,0,0,0,0,1,1,1
0.002300375,1,1,1,0,0,1,1,1
0.002300625,1,1,0,0,0,1,1,1
0.002300750,1,1,1,0,0,1,1,1
0.002301000,1,1,0,0,0,1,1,1
0.002301250,1,1,1,0,0,1,1,1
0.002301375,1,0,1,0,0,1,1,1
0.002301500,1,0,0,0,0,1,1,1
0.002301750,1,0,1,0,0,1,1,1
0.002301875,1,0,0,0,0,1,1,1
0.002302125,1,0,1,0,0,1,1,1
0.002307500,1,0,0,0,0,1,1,1
0.002314125,1,1,1,0,0,1,1,1
0.002317375,0,1,1,0,0,1,1,1
0.002319625,0,0,1,0,0,1,1,1
0.002319750,0,0,0,0,0,1,1,1
0.002320000,0,0,1,0,0,1,1,1
0.002320125,0,0,0,0,0,1,1,1
0.002320375,0,0,1,0,0,1,1,1
0.002320625,0,0,0,0,0,1,1,1
0.002320875,0,0,1,0,0,1,1,1
0.002321000,0,1,1,0,0,1,1,1
0.002321125,0,1,0,0,0,1,1,1
0.002321375,0,0,1,0,0,1,1,1
0.002321500,0,0,0,0,0,1,1,1
0.002321750,0,0,1,0,0,1,1,1
0.002321875,0,1,1,0,0,1,1,1
0.002322000,0,1,0,0,0,1,1,1
0.002322250,0,0,1,0,0,1,1,1
0.002322375,0,0,0,0,0,1,1,1
0.002322625,0,0,1,0,0,1,1,1
0.002322750,0,1,1,0,0,1,1,1
0.002322875,0,1,0,0,0,1,1,1
0.002323125,0,1,1,0,0,1,1,1
0.002328375,1,1,1,0,0,1,1,1
0.002330625,1,0,1,0,0,1,1,1
0.002330875,1,0,0,0,0,1,1,1
0.002331000,1,0,1,0,0,1,1,1
0.002331250,1,0,0,0,0,1,1,1
0.002331500,1,0,1,0,0,1,1,1
0.002331625,1,1,1,0,0,1,1,1
0.002331750,1,1,0,0,0,1,1,1
0.002332000,1,1,1,0,0,1,1,1
0.002332125,1,1,0,0,0,1,1,1
0.002332375,1,1,1,0,0,1,1,1
0.002332500,1,0,1,0,0,1,1,1
0.002332625,1,0,0,0,0,1,1,1
0.002332875,1,0,1,0,0,1,1,1
0.002333000,1,0,0,0,0,1,1,1
0.002333250,1,0,1,0,0,1,1,1
0.002333375,1,1,1,0,0,1,1,1
0.002333500,1,1,0,0,0,1,1,1
0.002333750,1,0,1,0,0,1,1,1
0.002334000,1,0,0,0,0,1,1,1
0.002334125,1,0,1,0,0,1,1,1
0.002339500,1,0,0,0,0,1,1,1
0.002347375,1,1,1,0,0,1,1,1
0.002350500,0,1,1,0,0,1,1,1
0.002352875,0,0,1,0,0,1,1,1
0.002353000,0,0,0,0,0,1,1,1
0.002353250,0,0,1,0,0,1,1,1
0.002353375,0,0,0,0,0,1,1,1
0.002353625,0,0,1,0,0,1,1,1
0.002353875,0,0,0,0,0,1,1,1
0.002354125,0,1,1,0,0,1,1,1
0.002354250,0,1,0,0,0,1,1,1
0.002354500,0,1,1,0,0,1,1,1
0.002354625,0,0,1,0,0,1,1,1
0.002354750,0,0,0,0,0,1,1,1
0.002355000,0,1,1,0,0,1,1,1
0.002355250,0,1,0,0,0,1,1,1
0.002355375,0,1,1,0,0,1,1,1
0.002355625,0,1,0,0,0,1,1,1
0.002355875,0,1,1,0,0,1,1,1
0.002356125,0,1,0,0,0,1,1,1
0.002356250,0,1,1,0,0,1,1,1
0.002361625,1,1,1,0,0,1,1,1
0.002363875,1,0,1,0,0,1,1,1
0.002364000,1,0,0,0,0,1,1,1
0.002364250,1,0,1,0,0,1,1,1
0.002364500,1,0,0,0,0,1,1,1
0.002364750,1,0,1,0,0,1,1,1
0.002364875,1,0,0,0,0,1,1,1
0.002365125,1,0,1,0,0,1,1,1
0.002365375,1,0,0,0,0,1,1,1
0.002365625,1,0,1,0,0,1,1,1
0.002365750,1,0,0,0,0,1,1,1
0.002366000,1,0,1,0,0,1,1,1
0.002366250,1,0,0,0,0,1,1,1
0.002366500,1,0,1,0,0,1,1,1
0.002366750,1,0,0,0,0,1,1,1
0.002366875,1,0,1,0,0,1,1,1
0.002367125,1,0,0,0,0,1,1,1
0.002367375,1,0,1,0,0,1,1,1
0.002372750,1,0,0,0,0,1,1,1
0.002379375,1,1,1,0,0,1,1,1
0.002382500,0,1,1,0,0,1,1,1
0.002384875,0,0,1,0,0,1,1,1
0.002385000,0,0,0,0,0,1,1,1
0.002385250,0,0,1,0,0,1,1,1
0.002385375,0,0,0,0,0,1,1,1
0.002385625,0,0,1,0,0,1,1,1
0.002385875,0,0,0,0,0,1,1,1
0.002386125,0,1,1,0,0,1,1,1
0.002386250,0,1,0,0,0,1,1,1
0.002386500,0,1,1,0,0,1,1,1
0.002386750,0,1,0,0,0,1,1,1
0.002387000,0,0,1,0,0,1,1,1
0.002387250,0,0,0,0,0,1,1,1
0.002387375,0,0,1,0,0,1,1,1
0.002387625,0,0,0,0,0,1,1,1
0.002387875,0,0,1,0,0,1,1,1
0.002388000,0,1,1,0,0,1,1,1
0.002388125,0,1,0,0,0,1,1,1
0.002388250,0,1,1,0,0,1,1,1
0.002393625,1,1,1,0,0,1,1,1
0.002395875,1,0,1,0,0,1,1,1
0.002396000,1,0,0,0,0,1,1,1
0.002396250,1,0,1,0,0,1,1,1
0.002396375,1,1,1,0,0,1,1,1
0.002396500,1,1,0,0,0,1,1,1
0.002396750,1,0,1,0,0,1,1,1
0.002396875,1,0,0,0,0,1,1,1
0.002397125,1,0,1,0,0,1,1,1
0.002397375,1,0,0,0,0,1,1,1
0.002397625,1,0,1,0,0,1,1,1
0.002397750,1,0,0,0,0,1,1,1
0.002398000,1,0,1,0,0,1,1,1
0.002398250,1,0,0,0,0,1,1,1
0.002398500,1,0,1,0,0,1,1,1
0.002398750,1,0,0,0,0,1,1,1
0.002399000,1,0,1,0,0,1,1,1
0.002399125,1,0,0,0,0,1,1,1
0.002399375,1,0,1,0,0,1,1,1
0.002404750,1,0,0,0,0,1,1,1
0.002411375,1,1,1,0,0,1,1,1
0.002414625,0,1,1,0,0,1,1,1
0.002416875,0,0,1,0,0,1,1,1
0.002417000,0,0,0,0,0,1,1,1
0.002417250,0,0,1,0,0,1,1,1
0.002417375,0,0,0,0,0,1,1,1
0.002417625,0,0,1,0,0,1,1,1
0.002417875,0,0,0,0,0,1,1,1
0.002418125,0,1,1,0,0,1,1,1
0.002418250,0,1,0,0,0,1,1,1
0.002418500,0,1,1,0,0,1,1,1
0.002418750,0,1,0,0,0,1,1,1
0.002419000,0,1,1,0,0,1,1,1
0.002419125,0,0,1,0,0,1,1,1
0.002419250,0,0,0,0,0,1,1,1
0.002419500,0,1,1,0,0,1,1,1
0.002419625,0,1,0,0,0,1,1,1
0.002419875,0,1,1,0,0,1,1,1
0.002420125,0,1,0,0,0,1,1,1
0.002420375,0,1,1,0,0,1,1,1
0.002425625,1,1,1,0,0,1,1,1
0.002427875,1,0,1,0,0,1,1,1
0.002428000,1,0,0,0,0,1,1,1
0.002428250,1,0,1,0,0,1,1,1
0.002428500,1,0,0,0,0,1,1,1
0.002428750,1,0,1,0,0,1,1,1
0.002428875,1,0,0,0,0,1,1,1
0.002429125,1,0,1,0,0,1,1,1
0.002429250,1,1,1,0,0,1,1,1
0.002429375,1,1,0,0,0,1,1,1
0.002429625,1,1,1,0,0,1,1,1
0.002429750,1,0,1,0,0,1,1,1
0.002429875,1,0,0,0,0,1,1,1
0.002430125,1,0,1,0,0,1,1,1
0.002430250,1,0,0,0,0,1,1,1
0.002430500,1,0,1,0,0,1,1,1
0.002430750,1,0,0,0,0,1,1,1
0.002431000,1,0,1,0,0,1,1,1
0.002431125,1,0,0,0,0,1,1,1
0.002431375,1,0,1,0,0,1,1,1
0.002436750,1,0,0,0,0,1,1,1
0.002443375,1,1,1,0,0,1,1,1
0.002446625,0,1,1,0,0,1,1,1
0.002448875,0,0,1,0,0,1,1,1
0.002449000,0,0,0,0,0,1,1,1
0.002449250,0,0,1,0,0,1,1,1
0.002449375,0,0,0,0,0,1,1,1
0.002449750,0,0,1,0,0,1,1,1
0.002449875,0,0,0,0,0,1,1,1
0.002450125,0,0,1,0,0,1,1,1
0.002450250,0,1,1,0,0,1,1,1
0.002450375,0,1,0,0,0,1,1,1
0.002450625,0,1,1,0,0,1,1,1
0.002450750,0,1,0,0,0,1,1,1
0.002451000,0,1,1,0,0,1,1,1
0.002451250,0,1,0,0,0,1,1,1
0.002451500,0,0,1,0,0,1,1,1
0.002451625,0,0,0,0,0,1,1,1
0.002451875,0,0,1,0,0,1,1,1
0.002452000,0,1,1,0,0,1,1,1
0.002452125,0,1,0,0,0,1,1,1
0.002452375,0,1,1,0,0,1,1,1
0.002457625,1,1,1,0,0,1,1,1
0.002460000,1,0,1,0,0,1,1,1
0.002460125,1,0,0,0,0,1,1,1
0.002460375,1,0,1,0,0,1,1,1
0.002460500,1,0,0,0,0,1,1,1
0.002460750,1,0,1,0,0,1,1,1
0.002460875,1,1,1,0,0,1,1,1
0.002461000,1,1,0,0,0,1,1,1
0.002461250,1,0,1,0,0,1,1,1
0.002461375,1,0,0,0,0,1,1,1
0.002461625,1,0,1,0,0,1,1,1
0.002461875,1,0,0,0,0,1,1,1
0.002462125,1,1,1,0,0,1,1,1
0.002462375,1,1,0,0,0,1,1,1
0.002462625,1,1,1,0,0,1,1,1
0.002462750,1,1,0,0,0,1,1,1
0.002463000,1,1,1,0,0,1,1,1
0.002463125,1,0,1,0,0,1,1,1
0.002463250,1,0,0,0,0,1,1,1
0.002463375,1,0,1,0,0,1,1,1
0.002468875,1,0,0,0,0,1,1,1
0.002476625,1,1,1,0,0,1,1,1
0.002479875,0,1,1,0,0,1,1,1
0.002482125,0,0,1,0,0,1,1,1
0.002482250,0,0,0,0,0,1,1,1
0.002482500,0,0,1,0,0,1,1,1
0.002482625,0,0,0,0,0,1,1,1
0.002482875,0,0,1,0,0,1,1,1
0.002483125,0,0,0,0,0,1,1,1
0.002483375,0,0,1,0,0,1,1,1
0.002483500,0,1,1,0,0,1,1,1
0.002483625,0,1,0,0,0,1,1,1
0.002483875,0,1,1,0,0,1,1,1
0.002484000,0,1,0,0,0,1,1,1
0.002484250,0,1,1,0,0,1,1,1
0.002484500,0,1,0,0,0,1,1,1
0.002484750,0,1,1,0,0,1,1,1
0.002485000,0,1,0,0,0,1,1,1
0.002485125,0,1,1,0,0,1,1,1
0.002485375,0,1,0,0,0,1,1,1
0.002485625,0,1,1,0,0,1,1,1
0.002491000,1,1,1,0,0,1,1,1
0.002493375,1,1,0,0,0,1,1,1
0.002493625,1,1,1,0,0,1,1,1
0.002493750,1,1,0,0,0,1,1,1
0.002494000,1,1,1,0,0,1,1,1
0.002494125,1,0,1,0,0,1,1,1
0.002494250,1,0,0,0,0,1,1,1
0.002494500,1,0,1,0,0,1,1,1
0.002494750,1,0,0,0,0,1,1,1
0.002494875,1,0,1,0,0,1,1,1
0.002495125,1,0,0,0,0,1,1,1
0.002495375,1,0,1,0,0,1,1,1
0.002495625,1,0,0,0,0,1,1,1
0.002495875,1,0,1,0,0,1,1,1
0.002496000,1,0,0,0,0,1,1,1
0.002496250,1,0,1,0,0,1,1,1
0.002496375,1,1,1,0,0,1,1,1
0.002496500,1,1,0,0,0,1,1,1
0.002496625,1,1,1,0,0,1,1,1
0.002502000,1,0,1,0,0,1,1,1
0.002502125,1,0,0,0,0,1,1,1
0.002508625,1,1,0,0,0,1,1,1
0.002508750,1,1,1,0,0,1,1,1
0.002511875,0,1,1,0,0,1,1,1
0.002514125,0,0,1,0,0,1,1,1
0.002514250,0,0,0,0,0,1,1,1
0.002514500,0,0,1,0,0,1,1,1
0.002514750,0,0,0,0,0,1,1,1
0.002515000,0,0,1,0,0,1,1,1
0.002515125,0,1,1,0,0,1,1,1
0.002515250,0,1,0,0,0,1,1,1
0.002515500,0,0,1,0,0,1,1,1
0.002515625,0,0,0,0,0,1,1,1
0.002515875,0,0,1,0,0,1,1,1
0.002516125,0,0,0,0,0,1,1,1
0.002516375,0,0,1,0,0,1,1,1
0.002516500,0,0,0,0,0,1,1,1
0.002516750,0,0,1,0,0,1,1,1
0.002517000,0,0,0,0,0,1,1,1
0.002517250,0,1,1,0,0,1,1,1
0.002517375,0,1,0,0,0,1,1,1
0.002517625,0,1,1,0,0,1,1,1
0.002523000,1,1,1,0,0,1,1,1
0.002525250,1,0,1,0,0,1,1,1
0.002525375,1,0,0,0,0,1,1,1
0.002525625,1,0,1,0,0,1,1,1
0.002525750,1,0,0,0,0,1,1,1
0.002526000,1,0,1,0,0,1,1,1
0.002526250,1,0,0,0,0,1,1,1
0.002526500,1,0,1,0,0,1,1,1
0.002526750,1,0,0,0,0,1,1,1
0.002526875,1,0,1,0,0,1,1,1
0.002527000,1,1,1,0,0,1,1,1
0.002527125,1,1,0,0,0,1,1,1
0.002527375,1,1,1,0,0,1,1,1
0.002527500,1,0,1,0,0,1,1,1
0.002527625,1,0,0,0,0,1,1,1
0.002527875,1,1,1,0,0,1,1,1
0.002528000,1,1,0,0,0,1,1,1
0.002528250,1,1,1,0,0,1,1,1
0.002528500,1,1,0,0,0,1,1,1
0.002528750,1,1,1,0,0,1,1,1
0.002534000,1,0,1,0,0,1,1,1
0.002534125,1,0,0,0,0,1,1,1
0.002540750,1,1,1,0,0,1,1,1
0.002543875,0,1,1,0,0,1,1,1
0.002546125,0,0,1,0,0,1,1,1
0.002546375,0,0,0,0,0,1,1,1
0.002546500,0,0,1,0,0,1,1,1
0.002546750,0,0,0,0,0,1,1,1
0.002547000,0,0,1,0,0,1,1,1
0.002547125,0,1,1,0,0,1,1,1
0.002547250,0,1,0,0,0,1,1,1
0.002547500,0,0,1,0,0,1,1,1
0.002547625,0,0,0,0,0,1,1,1
0.002547875,0,0,1,0,0,1,1,1
0.002548125,0,0,0,0,0,1,1,1
0.002548375,0,0,1,0,0,1,1,1
0.002548500,0,0,0,0,0,1,1,1
0.002548750,0,0,1,0,0,1,1,1
0.002548875,0,1,1,0,0,1,1,1
0.002549000,0,1,0,0,0,1,1,1
0.002549250,0,1,1,0,0,1,1,1
0.002549500,0,1,0,0,0,1,1,1
0.002549625,0,1,1,0,0,1,1,1
0.002555000,1,1,1,0,0,1,1,1
0.002557250,1,0,1,0,0,1,1,1
0.002557375,1,0,0,0,0,1,1,1
0.002557625,1,0,1,0,0,1,1,1
0.002557750,1,1,1,0,0,1,1,1
0.002557875,1,1,0,0,0,1,1,1
0.002558125,1,0,1,0,0,1,1,1
0.002558250,1,0,0,0,0,1,1,1
0.002558500,1,0,1,0,0,1,1,1
0.002558625,1,1,1,0,0,1,1,1
0.002558750,1,1,0,0,0,1,1,1
0.002559000,1,0,1,0,0,1,1,1
0.002559125,1,0,0,0,0,1,1,1
0.002559375,1,0,1,0,0,1,1,1
0.002559625,1,0,0,0,0,1,1,1
0.002559875,1,0,1,0,0,1,1,1
0.002560125,1,0,0,0,0,1,1,1
0.002560375,1,0,1,0,0,1,1,1
0.002560500,1,0,0,0,0,1,1,1
0.002560750,1,0,1,0,0,1,1,1
0.002566125,1,0,0,0,0,1,1,1
0.002572750,1,1,1,0,0,1,1,1
0.002576000,0,1,1,0,0,1,1,1
0.002578250,0,0,1,0,0,1,1,1
0.002578375,0,0,0,0,0,1,1,1
0.002578625,0,0,1,0,0,1,1,1
0.002578750,0,0,0,0,0,1,1,1
0.002579000,0,0,1,0,0,1,1,1
0.002579125,0,1,1,0,0,1,1,1
0.002579250,0,1,0,0,0,1,1,1
0.002579500,0,0,1,0,0,1,1,1
0.002579625,0,0,0,0,0,1,1,1
0.002579875,0,0,1,0,0,1,1,1
0.002580125,0,0,0,0,0,1,1,1
0.002580375,0,0,1,0,0,1,1,1
0.002580500,0,1,1,0,0,1,1,1
0.002580625,0,1,0,0,0,1,1,1
0.002580875,0,0,1,0,0,1,1,1
0.002581000,0,0,0,0,0,1,1,1
0.002581250,0,0,1,0,0,1,1,1
0.002581375,0,1,1,0,0,1,1,1
0.002581500,0,1,0,0,0,1,1,1
0.002581625,0,1,1,0,0,1,1,1
0.002587000,1,1,1,0,0,1,1,1
0.002589250,1,0,1,0,0,1,1,1
0.002589375,1,0,0,0,0,1,1,1
0.002589625,1,0,1,0,0,1,1,1
0.002589875,1,0,0,0,0,1,1,1
0.002590125,1,0,1,0,0,1,1,1
0.002590250,1,0,0,0,0,1,1,1
0.002590500,1,0,1,0,0,1,1,1
0.002590625,1,1,1,0,0,1,1,1
0.002590750,1,1,0,0,0,1,1,1
0.002591000,1,0,1,0,0,1,1,1
0.002591250,1,0,0,0,0,1,1,1
0.002591375,1,0,1,0,0,1,1,1
0.002591625,1,0,0,0,0,1,1,1
0.002591875,1,0,1,0,0,1,1,1
0.002592125,1,0,0,0,0,1,1,1
0.002592375,1,0,1,0,0,1,1,1
0.002592500,1,0,0,0,0,1,1,1
0.002592750,1,0,1,0,0,1,1,1
0.002598125,1,0,0,0,0,1,1,1
0.002604750,1,1,1,0,0,1,1,1
0.002608000,0,1,1,0,0,1,1,1
0.002610250,0,0,1,0,0,1,1,1
0.002610375,0,0,0,0,0,1,1,1
0.002610625,0,0,1,0,0,1,1,1
0.002610750,0,0,0,0,0,1,1,1
0.002611000,0,0,1,0,0,1,1,1
0.002611125,0,1,1,0,0,1,1,1
0.002611250,0,1,0,0,0,1,1,1
0.002611500,0,0,1,0,0,1,1,1
0.002611750,0,0,0,0,0,1,1,1
0.002611875,0,0,1,0,0,1,1,1
0.002612125,0,0,0,0,0,1,1,1
0.002612375,0,0,1,0,0,1,1,1
0.002612500,0,1,1,0,0,1,1,1
0.002612625,0,1,0,0,0,1,1,1
0.002612875,0,1,1,0,0,1,1,1
0.002613000,0,1,0,0,0,1,1,1
0.002613250,0,1,1,0,0,1,1,1
0.002613500,0,1,0,0,0,1,1,1
0.002613750,0,1,1,0,0,1,1,1
0.002619000,1,1,1,0,0,1,1,1
0.002621375,1,0,1,0,0,1,1,1
0.002621500,1,0,0,0,0,1,1,1
0.002621750,1,0,1,0,0,1,1,1
0.002621875,1,0,0,0,0,1,1,1
0.002622125,1,0,1,0,0,1,1,1
0.002622375,1,0,0,0,0,1,1,1
0.002622625,1,0,1,0,0,1,1,1
0.002622750,1,0,0,0,0,1,1,1
0.002623000,1,0,1,0,0,1,1,1
0.002623250,1,0,0,0,0,1,1,1
0.002623500,1,0,1,0,0,1,1,1
0.002623625,1,0,0,0,0,1,1,1
0.002623875,1,0,1,0,0,1,1,1
0.002624125,1,0,0,0,0,1,1,1
0.002624375,1,1,1,0,0,1,1,1
0.002624500,1,1,0,0,0,1,1,1
0.002624750,1,1,1,0,0,1,1,1
0.002630125,1,0,0,0,0,1,1,1
0.002637875,1,1,0,0,0,1,1,1
0.002638000,1,1,1,0,0,1,1,1
0.002641125,0,1,1,0,0,1,1,1
0.002643375,0,0,1,0,0,1,1,1
0.002643500,0,0,0,0,0,1,1,1
0.002643750,0,0,1,0,0,1,1,1
0.002644000,0,0,0,0,0,1,1,1
0.002644250,0,0,1,0,0,1,1,1
0.002644375,0,1,1,0,0,1,1,1
0.002644500,0,1,0,0,0,1,1,1
0.002644750,0,1,1,0,0,1,1,1
0.002644875,0,1,0,0,0,1,1,1
0.002645125,0,1,1,0,0,1,1,1
0.002645375,0,1,0,0,0,1,1,1
0.002645625,0,0,1,0,0,1,1,1
0.002645750,0,0,0,0,0,1,1,1
0.002646000,0,0,1,0,0,1,1,1
0.002646250,0,0,0,0,0,1,1,1
0.002646500,0,1,1,0,0,1,1,1
0.002646750,0,1,0,0,0,1,1,1
0.002646875,0,1,1,0,0,1,1,1
0.002652250,1,1,1,0,0,1,1,1
0.002654500,1,0,1,0,0,1,1,1
0.002654625,1,0,0,0,0,1,1,1
0.002654875,1,0,1,0,0,1,1,1
0.002655125,1,0,0,0,0,1,1,1
0.002655375,1,0,1,0,0,1,1,1
0.002655500,1,0,0,0,0,1,1,1
0.002655750,1,0,1,0,0,1,1,1
0.002656000,1,0,0,0,0,1,1,1
0.002656250,1,0,1,0,0,1,1,1
0.002656375,1,0,0,0,0,1,1,1
0.002656625,1,0,1,0,0,1,1,1
0.002656875,1,0,0,0,0,1,1,1
0.002657125,1,0,1,0,0,1,1,1
0.002657250,1,0,0,0,0,1,1,1
0.002657500,1,0,1,0,0,1,1,1
0.002657750,1,0,0,0,0,1,1,1
0.002658000,1,0,1,0,0,1,1,1
0.002663375,1,0,0,0,0,1,1,1
0.002669875,1,1,0,0,0,1,1,1
0.002670000,1,1,1,0,0,1,1,1
0.002673125,0,1,1,0,0,1,1,1
0.002675625,0,1,0,0,0,1,1,1
0.002675875,0,0,1,0,0,1,1,1
0.002676000,0,0,0,0,0,1,1,1
0.002676250,0,0,1,0,0,1,1,1
0.002676500,0,0,0,0,0,1,1,1
0.002676750,0,0,1,0,0,1,1,1
0.002676875,0,0,0,0,0,1,1,1
0.002677125,0,0,1,0,0,1,1,1
0.002677375,0,0,0,0,0,1,1,1
0.002677625,0,1,1,0,0,1,1,1
0.002677750,0,1,0,0,0,1,1,1
0.002678000,0,1,1,0,0,1,1,1
0.002678125,0,0,1,0,0,1,1,1
0.002678250,0,0,0,0,0,1,1,1
0.002678500,0,1,1,0,0,1,1,1
0.002678625,0,1,0,0,0,1,1,1
0.002678875,0,1,1,0,0,1,1,1
0.002684250,1,1,1,0,0,1,1,1
0.002686500,1,0,1,0,0,1,1,1
0.002686625,1,0,0,0,0,1,1,1
0.002686875,1,0,1,0,0,1,1,1
0.002687125,1,0,0,0,0,1,1,1
0.002687375,1,1,1,0,0,1,1,1
0.002687500,1,1,0,0,0,1,1,1
0.002687750,1,1,1,0,0,1,1,1
0.002688000,1,1,0,0,0,1,1,1
0.002688250,1,1,1,0,0,1,1,1
0.002688500,1,1,0,0,0,1,1,1
0.002688625,1,1,1,0,0,1,1,1
0.002688875,1,1,0,0,0,1,1,1
0.002689125,1,1,1,0,0,1,1,1
0.002689375,1,1,0,0,0,1,1,1
0.002689625,1,1,1,0,0,1,1,1
0.002689750,1,1,0,0,0,1,1,1
0.002690000,1,1,1,0,0,1,1,1
0.002695375,1,0,0,0,0,1,1,1
0.002702000,1,1,1,0,0,1,1,1
0.002705250,0,1,1,0,0,1,1,1
0.002707500,0,0,1,0,0,1,1,1
0.002707625,0,0,0,0,0,1,1,1
0.002707875,0,0,1,0,0,1,1,1
0.002708125,0,0,0,0,0,1,1,1
0.002708375,0,0,1,0,0,1,1,1
0.002708500,0,0,0,0,0,1,1,1
0.002708750,0,0,1,0,0,1,1,1
0.002708875,0,1,1,0,0,1,1,1
0.002709000,0,1,0,0,0,1,1,1
0.002709250,0,1,1,0,0,1,1,1
0.002709375,0,1,0,0,0,1,1,1
0.002709625,0,1,1,0,0,1,1,1
0.002709875,0,1,0,0,0,1,1,1
0.002710125,0,0,1,0,0,1,1,1
0.002710375,0,0,0,0,0,1,1,1
0.002710500,0,0,1,0,0,1,1,1
0.002710625,0,1,1,0,0,1,1,1
0.002710750,0,1,0,0,0,1,1,1
0.002711000,0,1,1,0,0,1,1,1
0.002716375,1,1,1,0,0,1,1,1
0.002718750,1,1,0,0,0,1,1,1
0.002719000,1,0,1,0,0,1,1,1
0.002719125,1,0,0,0,0,1,1,1
0.002719375,1,0,1,0,0,1,1,1
0.002719500,1,1,1,0,0,1,1,1
0.002719625,1,1,0,0,0,1,1,1
0.002719875,1,0,1,0,0,1,1,1
0.002720125,1,0,0,0,0,1,1,1
0.002720250,1,0,1,0,0,1,1,1
0.002720500,1,0,0,0,0,1,1,1
0.002720750,1,0,1,0,0,1,1,1
0.002720875,1,1,1,0,0,1,1,1
0.002721000,1,1,0,0,0,1,1,1
0.002721250,1,1,1,0,0,1,1,1
0.002721375,1,1,0,0,0,1,1,1
0.002721625,1,1,1,0,0,1,1,1
0.002721750,1,0,1,0,0,1,1,1
0.002721875,1,0,0,0,0,1,1,1
0.002722125,1,0,1,0,0,1,1,1
0.002727500,1,0,0,0,0,1,1,1
0.037999500,1,1,1,0,0,1,1,1
0.038002750,0,1,1,0,0,1,1,1
0.038005000,0,0,1,0,0,1,1,1
0.038005125,0,0,0,0,0,1,1,1
0.038005375,0,0,1,0,0,1,1,1
0.038005500,0,0,0,0,0,1,1,1
0.038005750,0,0,1,0,0,1,1,1
0.038006000,0,0,0,0,0,1,1,1
0.038006250,0,1,1,0,0,1,1,1
0.038006500,0,1,0,0,0,1,1,1
0.038006625,0,1,1,0,0,1,1,1
0.038006875,0,1,0,0,0,1,1,1
0.038007125,0,1,1,0,0,1,1,1
0.038007375,0,1,0,0,0,1,1,1
0.038007625,0,0,1,0,0,1,1,1
0.038007750,0,0,0,0,0,1,1,1
0.038008000,0,0,1,0,0,1,1,1
0.038008125,0,1,1,0,0,1,1,1
0.038008250,0,1,0,0,0,1,1,1
0.038008500,0,1,1,0,0,1,1,1
0.038013750,1,1,1,0,0,1,1,1
0.038016000,1,0,1,0,0,1,1,1
0.038016250,1,0,0,0,0,1,1,1
0.038016375,1,0,1,0,0,1,1,1
0.038016625,1,0,0,0,0,1,1,1
0.038016875,1,0,1,0,0,1,1,1
0.038017000,1,1,1,0,0,1,1,1
0.038017125,1,1,0,0,0,1,1,1
0.038017375,1,0,1,0,0,1,1,1
0.038017500,1,0,0,0,0,1,1,1
0.038017750,1,0,1,0,0,1,1,1
0.038018000,1,0,0,0,0,1,1,1
0.038018250,1,1,1,0,0,1,1,1
0.038018375,1,1,0,0,0,1,1,1
0.038018625,1,1,1,0,0,1,1,1
0.038018875,1,1,0,0,0,1,1,1
0.038019125,1,0,1,0,0,1,1,1
0.038019375,1,0,0,0,0,1,1,1
0.038019500,1,0,1,0,0,1,1,1
0.038024875,1,0,0,0,0,1,1,1
0.063005125,1,1,1,0,0,1,1,1
0.063008250,0,1,1,0,0,1,1,1
0.063010625,0,0,1,0,0,1,1,1
0.063010750,0,0,0,0,0,1,1,1
0.063011000,0,0,1,0,0,1,1,1
0.063011125,0,0,0,0,0,1,1,1
0.063011375,0,0,1,0,0,1,1,1
0.063011500,0,1,1,0,0,1,1,1
0.063011625,0,1,0,0,0,1,1,1
0.063011875,0,0,1,0,0,1,1,1
0.063012000,0,0,0,0,0,1,1,1
0.063012250,0,0,1,0,0,1,1,1
0.063012500,0,0,0,0,0,1,1,1
0.063012750,0,0,1,0,0,1,1,1
0.063012875,0,0,0,0,0,1,1,1
0.063013125,0,0,1,0,0,1,1,1
0.063013375,0,0,0,0,0,1,1,1
0.063013625,0,1,1,0,0,1,1,1
0.063013875,0,1,0,0,0,1,1,1
0.063014000,0,1,1,0,0,1,1,1
0.063019375,1,1,1,0,0,1,1,1
0.063021625,1,0,1,0,0,1,1,1
0.063021750,1,0,0,0,0,1,1,1
0.063022000,1,0,1,0,0,1,1,1
0.063022250,1,0,0,0,0,1,1,1
0.063022500,1,0,1,0,0,1,1,1
0.063022625,1,0,0,0,0,1,1,1
0.063022875,1,0,1,0,0,1,1,1
0.063023125,1,0,0,0,0,1,1,1
0.063023375,1,1,1,0,0,1,1,1
0.063023500,1,1,0,0,0,1,1,1
0.063023750,1,1,1,0,0,1,1,1
0.063023875,1,0,1,0,0,1,1,1
0.063024000,1,0,0,0,0,1,1,1
0.063024250,1,1,1,0,0,1,1,1
0.063024500,1,1,0,0,0,1,1,1
0.063024625,1,1,1,0,0,1,1,1
0.063024875,1,1,0,0,0,1,1,1
0.063025125,1,1,1,0,0,1,1,1
0.063030500,1,0,0,0,0,1,1,1
0.063037125,1,1,1,0,0,1,1,1
0.063040375,0,1,1,0,0,1,1,1
0.063042625,0,0,1,0,0,1,1,1
0.063042750,0,0,0,0,0,1,1,1
0.063043000,0,0,1,0,0,1,1,1
0.063043125,0,0,0,0,0,1,1,1
0.063043375,0,0,1,0,0,1,1,1
0.063043625,0,0,0,0,0,1,1,1
0.063043875,0,0,1,0,0,1,1,1
0.063044000,0,0,0,0,0,1,1,1
0.063044250,0,0,1,0,0,1,1,1
0.063044500,0,0,0,0,0,1,1,1
0.063044750,0,0,1,0,0,1,1,1
0.063044875,0,0,0,0,0,1,1,1
0.063045125,0,0,1,0,0,1,1,1
0.063045375,0,0,0,0,0,1,1,1
0.063045625,0,1,1,0,0,1,1,1
0.063045875,0,1,0,0,0,1,1,1
0.063046000,0,1,1,0,0,1,1,1
0.063051375,1,1,1,0,0,1,1,1
0.063053625,1,0,1,0,0,1,1,1
0.063053750,1,0,0,0,0,1,1,1
0.063054000,1,0,1,0,0,1,1,1
0.063054250,1,0,0,0,0,1,1,1
0.063054500,1,1,1,0,0,1,1,1
0.063054625,1,1,0,0,0,1,1,1
0.063054875,1,1,1,0,0,1,1,1
0.063055125,1,1,0,0,0,1,1,1
0.063055375,1,0,1,0,0,1,1,1
0.063055500,1,0,0,0,0,1,1,1
0.063055750,1,0,1,0,0,1,1,1
0.063056000,1,0,0,0,0,1,1,1
0.063056250,1,0,1,0,0,1,1,1
0.063056500,1,0,0,0,0,1,1,1
0.063056750,1,1,1,0,0,1,1,1
0.063056875,1,1,0,0,0,1,1,1
0.063057125,1,1,1,0,0,1,1,1
0.063062500,1,0,0,0,0,1,1,1
0.063069125,1,1,1,0,0,1,1,1
0.063072375,0,1,1,0,0,1,1,1
0.063074625,0,0,1,0,0,1,1,1
0.063074750,0,0,0,0,0,1,1,1
0.063075000,0,0,1,0,0,1,1,1
0.063075125,0,0,0,0,0,1,1,1
0.063075375,0,0,1,0,0,1,1,1
0.063075625,0,0,0,0,0,1,1,1
0.063075875,0,1,1,0,0,1,1,1
0.063076125,0,1,0,0,0,1,1,1
0.063076250,0,1,1,0,0,1,1,1
0.063076500,0,1,0,0,0,1,1,1
0.063076750,0,1,1,0,0,1,1,1
0.063076875,0,0,1,0,0,1,1,1
0.063077000,0,0,0,0,0,1,1,1
0.063077250,0,0,1,0,0,1,1,1
0.063077375,0,0,0,0,0,1,1,1
0.063077625,0,0,1,0,0,1,1,1
0.063077750,0,1,1,0,0,1,1,1
0.063077875,0,1,0,0,0,1,1,1
0.063078125,0,1,1,0,0,1,1,1
0.063083375,1,1,1,0,0,1,1,1
0.063085625,1,0,1,0,0,1,1,1
0.063085750,1,0,0,0,0,1,1,1
0.063086000,1,0,1,0,0,1,1,1
0.063086125,1,1,1,0,0,1,1,1
0.063086250,1,1,0,0,0,1,1,1
0.063086500,1,0,1,0,0,1,1,1
0.063086750,1,0,0,0,0,1,1,1
0.063087000,1,0,1,0,0,1,1,1
0.063087125,1,0,0,0,0,1,1,1
0.063087375,1,0,1,0,0,1,1,1
0.063087625,1,0,0,0,0,1,1,1
0.063087875,1,0,1,0,0,1,1,1
0.063088000,1,0,0,0,0,1,1,1
0.063088250,1,0,1,0,0,1,1,1
0.063088500,1,0,0,0,0,1,1,1
0.063088750,1,0,1,0,0,1,1,1
0.063088875,1,0,0,0,0,1,1,1
0.063089125,1,0,1,0,0,1,1,1
0.063094500,1,0,0,0,0,1,1,1
0.063102250,1,1,0,0,0,1,1,1
0.063102375,1,1,1,0,0,1,1,1
0.063105500,0,1,1,0,0,1,1,1
0.063107750,0,0,1,0,0,1,1,1
0.063107875,0,0,0,0,0,1,1,1
0.063108125,0,0,1,0,0,1,1,1
0.063108375,0,0,0,0,0,1,1,1
0.063108625,0,0,1,0,0,1,1,1
0.063108875,0,0,0,0,0,1,1,1
0.063109125,0,1,1,0,0,1,1,1
0.063109250,0,1,0,0,0,1,1,1
0.063109500,0,1,1,0,0,1,1,1
0.063109625,0,0,1,0,0,1,1,1
0.063109750,0,0,0,0,0,1,1,1
0.063110000,0,0,1,0,0,1,1,1
0.063110125,0,0,0,0,0,1,1,1
0.063110375,0,0,1,0,0,1,1,1
0.063110500,0,1,1,0,0,1,1,1
0.063110625,0,1,0,0,0,1,1,1
0.063110875,0,1,1,0,0,1,1,1
0.063111000,0,1,0,0,0,1,1,1
0.063111250,0,1,1,0,0,1,1,1
0.063116625,1,1,1,0,0,1,1,1
0.063119000,1,1,0,0,0,1,1,1
0.063119250,1,1,1,0,0,1,1,1
0.063119375,1,0,1,0,0,1,1,1
0.063119500,1,0,0,0,0,1,1,1
0.063119750,1,0,1,0,0,1,1,1
0.063119875,1,0,0,0,0,1,1,1
0.063120125,1,0,1,0,0,1,1,1
0.063120375,1,0,0,0,0,1,1,1
0.063120625,1,1,1,0,0,1,1,1
0.063120750,1,1,0,0,0,1,1,1
0.063121000,1,1,1,0,0,1,1,1
0.063121250,1,1,0,0,0,1,1,1
0.063121500,1,1,1,0,0,1,1,1
0.063121625,1,0,1,0,0,1,1,1
0.063121750,1,0,0,0,0,1,1,1
0.063122000,1,0,1,0,0,1,1,1
0.063122125,1,0,0,0,0,1,1,1
0.063122375,1,0,1,0,0,1,1,1
0.063127750,1,0,0,0,0,1,1,1
0.063134375,1,1,1,0,0,1,1,1
0.063137625,0,1,1,0,0,1,1,1
0.063139875,0,0,1,0,0,1,1,1
0.063140000,0,0,0,0,0,1,1,1
0.063140250,0,0,1,0,0,1,1,1
0.063140375,0,0,0,0,0,1,1,1
0.063140625,0,0,1,0,0,1,1,1
0.063140875,0,0,0,0,0,1,1,1
0.063141125,0,0,1,0,0,1,1,1
0.063141250,0,0,0,0,0,1,1,1
0.063141500,0,0,1,0,0,1,1,1
0.063141750,0,0,0,0,0,1,1,1
0.063142000,0,0,1,0,0,1,1,1
0.063142250,0,0,0,0,0,1,1,1
0.063142375,0,0,1,0,0,1,1,1
0.063142625,0,0,0,0,0,1,1,1
0.063142875,0,0,1,0,0,1,1,1
0.063143000,0,1,1,0,0,1,1,1
0.063143125,0,1,0,0,0,1,1,1
0.063143250,0,1,1,0,0,1,1,1
0.063148625,1,1,1,0,0,1,1,1
0.063150875,1,0,1,0,0,1,1,1
0.063151000,1,0,0,0,0,1,1,1
0.063151250,1,0,1,0,0,1,1,1
0.063151500,1,0,0,0,0,1,1,1
0.063151750,1,0,1,0,0,1,1,1
0.063151875,1,0,0,0,0,1,1,1
0.063152125,1,0,1,0,0,1,1,1
0.063152250,1,1,1,0,0,1,1,1
0.063152375,1,1,0,0,0,1,1,1
0.063152625,1,0,1,0,0,1,1,1
0.063152750,1,0,0,0,0,1,1,1
0.063153000,1,0,1,0,0,1,1,1
0.063153250,1,0,0,0,0,1,1,1
0.063153500,1,0,1,0,0,1,1,1
0.063153750,1,0,0,0,0,1,1,1
0.063153875,1,0,1,0,0,1,1,1
0.063154000,1,1,1,0,0,1,1,1
0.063154125,1,1,0,0,0,1,1,1
0.063154375,1,1,1,0,0,1,1,1
0.063159750,1,0,0,0,0,1,1,1
2.057586750,1,0,0,0,0,1,1,1
